{
    "objects": [
        {
            "type": "cylinder",
            "position": {
                "x": 41.262206077575684,
                "y": 24.170000076293945,
                "z": 22.003376483917236
            },
            "scale": {
                "x": 1.351,
                "y": 3.7634999999999996,
                "z": 2.316
            },
            "rotation": {
                "x": 96.92000183188742,
                "y": 345.58000535915505,
                "z": 15.17000041076006
            }
        },
        {
            "type": "cube",
            "position": {
                "x": 28.220512866973877,
                "y": 37.5,
                "z": 21.348597407341003
            },
            "scale": {
                "x": 3.8021,
                "y": 2.4897,
                "z": 2.9335999999999998
            },
            "rotation": {
                "x": 320.769998897244,
                "y": 365.87001119440504,
                "z": 349.3399971764904
            }
        }
    ],
    "transformations": {
        "scale_factors": [
            1.93,
            1.93,
            1.93
        ],
        "rotation_angles": {
            "x": 0,
            "y": 48,
            "z": 0
        },
        "translation_vector": [
            34,
            34,
            23
        ]
    }
}